USE ecommerce_db;

-- Inserindo Dados Mestres (PAIS)
INSERT INTO `Cliente` (`TipoPessoa`, `Nome`, `RazaoSocial`, `CPF`, `CNPJ`, `Email`, `Telefone`) VALUES ('F', 'Ana Silva', NULL, '11122233344', NULL, 'ana.silva@email.com', '11987654321'), ('F', 'Carlos Souza', NULL, '22233344455', NULL, 'carlos.souza@email.com', '21988776655'), ('J', 'Tech Solutions Ltda', 'Tech Solutions & Inovação Ltda', NULL, '12345678000199', 'contato@techsolutions.com', '1134567890'), ('J', 'Importadora XYZ', 'Importadora de Eletrônicos XYZ S.A.', NULL, '87654321000188', 'compras@importadoraxyz.com', '4133445566');
INSERT INTO `Fornecedor` (`TipoPessoa`, `NomeFantasia`, `RazaoSocial`, `CNPJ`) VALUES ('J', 'Eletrônicos Brasil', 'Eletrônicos Brasil S.A.', '98765432000111'), ('J', 'LogiTech Distribuidora', 'LogiTech Distribuidora de Periféricos Ltda', '87654321000122'), ('J', 'Office Supplies Co.', 'Material de Escritório Corporativo Ltda', '11223344000155');
INSERT INTO `Produto` (`Nome`, `Descricao`, `Categoria`, `Valor`) VALUES ('Teclado Mecânico RGB', 'Teclado mecânico com switches azuis.', 'Periféricos', 350.50), ('Mouse Gamer Sem Fio', 'Mouse gamer com sensor de 16.000 DPI.', 'Periféricos', 220.00), ('Monitor Ultrawide 29"', 'Monitor LG com proporção 21:9.', 'Monitores', 1200.00), ('Headset Gamer 7.1', 'Headset com som surround 7.1.', 'Áudio', 450.00), ('Mousepad Speed Grande', 'Mousepad de tecido 900x400mm.', 'Acessórios', 80.75), ('Cadeira Gamer Ergonômica', 'Cadeira ergonômica com suporte lombar.', 'Móveis', 1500.00), ('Webcam Full HD 1080p', 'Webcam com microfone integrado.', 'Acessórios', 280.00), ('Suporte Articulado para Monitor', 'Suporte de mesa para monitores de até 32".', 'Acessórios', 180.00);
INSERT INTO `LocaisEstoque` (`NomeEstoque`, `EnderecoEstoque`) VALUES ('Depósito Principal - SP', 'Rua das Flores, 123, São Paulo - SP'), ('Centro de Distribuição - MG', 'Avenida Central, 456, Belo Horizonte - MG');

-- Inserindo Dados Dependentes (FILHOS)
INSERT INTO `ProdutoFornecedor` (`idProduto`, `idFornecedor`, `PrecoCusto`) VALUES (1, 1, 250.00), (2, 1, 150.00), (3, 2, 950.00), (4, 1, 320.00), (4, 2, 325.00), (5, 2, 50.00), (6, 3, 1100.00), (7, 1, 200.00), (7, 2, 210.00), (8, 3, 120.00);
INSERT INTO `ProdutoEstoque` (`idProduto`, `idLocal`, `Quantidade`) VALUES (1, 1, 100), (2, 1, 150), (3, 2, 50), (4, 1, 80), (4, 2, 20), (5, 1, 200), (6, 2, 30), (7, 1, 70), (8, 1, 120);
INSERT INTO `Pedidos` (`idCliente`, `Status_pedido`, `ValorTotal`) VALUES (1, 'Entregue', 570.50), (3, 'Enviado', 3280.00), (2, 'Aguardando Pagamento', 450.00), (1, 'Entregue', 280.00), (4, 'Processando', 1181.25);
INSERT INTO `ItensPedido` (`idPedido`, `idProduto`, `idFornecedor`, `Quantidade`, `PrecoUnitario`) VALUES (1, 1, 1, 1, 350.50), (1, 2, 1, 1, 220.00), (2, 6, 3, 2, 1500.00), (2, 8, 3, 1, 180.00), (2, 7, 1, 1, 280.00), (3, 4, 1, 1, 450.00), (4, 7, 2, 1, 280.00), (5, 1, 1, 1, 350.50), (5, 2, 1, 2, 220.00), (5, 4, 2, 1, 450.00), (5, 5, 2, 1, 80.75);
INSERT INTO `Pagamento` (`idPedido`, `Metodo`, `Status`, `Valor`) VALUES (1, 'PIX', 'Aprovado', 570.50), (2, 'Cartão de Crédito', 'Aprovado', 3280.00), (3, 'Boleto', 'Pendente', 450.00), (4, 'PIX', 'Aprovado', 280.00), (5, 'Cartão de Crédito', 'Aprovado', 1181.25);
INSERT INTO `Entrega` (`idPedido`, `Status`, `CodigoRastreio`, `Transportadora`) VALUES (1, 'Entregue', 'BR111222333SP', 'Correios'), (2, 'Em Trânsito', 'AZ444555666MG', 'Total Express'), (3, 'Aguardando Pagamento', NULL, NULL), (4, 'Entregue', 'BR777888999SP', 'Correios'), (5, 'Preparando Envio', NULL, 'Loggi');
